<?xml version="1.0" encoding="UTF-8"?>
<project-private xmlns="http://www.netbeans.org/ns/project-private/1">
    <editor-bookmarks xmlns="http://www.netbeans.org/ns/editor-bookmarks/2" lastBookmarkId="0"/>
    <open-files xmlns="http://www.netbeans.org/ns/projectui-open-files/2">
        <group>
            <file>file:/C:/Users/HP%20PROBOOK/Documents/NetBeansProjects/Task_04/src/task_04/ResourceProvider.java</file>
            <file>file:/C:/Users/HP%20PROBOOK/Documents/NetBeansProjects/Task_04/src/task_04/ClientNodeGUI.java</file>
            <file>file:/C:/Users/HP%20PROBOOK/Documents/NetBeansProjects/Task_04/src/task_04/ServerNodeGUI.java</file>
        </group>
    </open-files>
</project-private>
